CDM,PHASE,n_flights,adherent_n,adherence_h
CDM,ARR,3710,3347,0.902156334231806
CDM,DEP,3698,3314,0.8961600865332612
non-CDM,ARR,318,278,0.8742138364779874
non-CDM,DEP,320,282,0.88125
