AIRPORT,PHASE,n_raw,shape,scale
EDDB,ARR,483,0.920415994635763,15.212543101517037
EDDB,DEP,663,0.9294960288254706,14.049930992619057
EDDC,ARR,28,NA,NA
EDDC,DEP,26,NA,NA
EDDF,ARR,992,0.9628127432497434,15.403006497988814
EDDF,DEP,1705,0.8986429788116003,11.30758625624881
EDDN,ARR,106,0.97402832643136394,12.556562692279003
EDDN,DEP,144,0.9199220060548307,11.457419250226108
