AIRPORT,PHASE,n_raw,shape,scale
EDDB,ARR,706,1.305944370262522,10.293104602502082
EDDB,DEP,520,1.451628142527841,6.03012731663305
EDDC,ARR,38,1.6256831835324836,8.651026957640717
EDDC,DEP,39,1.9833793232466228,8.169046223372526
EDDF,ARR,1525,1.3166613788734398,12.758768541536611
EDDF,DEP,803,1.1780710940421881,4.542303088272053
EDDN,ARR,137,1.266842643646293,10.850293162864421
EDDN,DEP,90,1.2604097594802053,10.01079469407075
